{"_timestamp":1.747575952028296e+09,"_runtime":151.921592281,"_step":4689,"_wandb":{"runtime":152},"train_loss":0.2317887544631958,"train_accuracy":0.9375}